s_no,subj_num,dot,dob,gender,age,item_001,item_002,item_003,item_004,item_005,item_006,item_007,item_008,item_009,item_010,item_011,item_012,item_013,item_014,item_015,item_016,item_017,item_018,item_019,item_020,item_021,item_022,item_023,item_024,item_025,item_026,item_027,item_028,item_029,item_030,item_031,item_032,item_033,item_034,item_035,item_036,item_037,item_038,item_039,item_040,item_041,item_042,item_043,item_044,item_045,item_046,item_047,item_048,item_049,item_050,item_051,item_052,item_053,item_054,item_055,item_056,item_057,item_058,item_059,item_060,item_061,item_062,item_063,item_064,item_065,item_066,item_067,item_068,item_069,item_070,item_071,item_072,item_073,item_074,item_075,item_076,item_077,item_078,item_079,item_080,item_081,item_082,item_083,item_084,item_085,item_086,item_087,item_088,item_089,item_090,item_091,item_092,item_093,item_094,item_095,item_096,item_097,item_098,item_099,item_100,item_101,item_102,item_103,item_104,item_105,item_106,item_107,item_108,item_109,item_110,item_111,item_112,item_113,item_114,item_115,item_116,item_117,item_118,item_119,item_120,item_121,item_122,item_123,item_124,item_125,item_126,item_127,item_128,item_129,item_130,item_131,item_132,item_133,item_134,item_135,item_136,item_137,item_138,item_139,item_140,item_141,item_142,item_143,item_144,item_145,item_146,item_147,item_148,item_149,item_150,item_151,item_152,item_153,item_154,item_155,item_156,item_157,item_158,item_159,item_160,item_161,item_162,item_163,item_164,item_165,item_166,item_167,item_168,item_169,item_170,item_171,item_172,item_173,item_174,item_175,item_176,item_177,item_178,item_179,item_180,item_181,item_182,item_183,item_184,item_185,item_186,item_187,item_188,item_189,item_190,item_191,item_192,item_193,item_194,item_195,item_196,item_197,item_198,item_199,item_200,item_201,item_202,item_203,item_204,item_205,item_206,item_207,item_208,item_209,item_210,item_211,item_212,item_213,item_214,item_215,item_216,item_217,item_218,item_219,item_220,item_221,item_222,item_223,item_224,item_225,item_226,item_227,item_228,item_229,item_230,item_231,item_232,item_233,item_234,item_235,item_236,item_237,item_238,item_239,item_240,item_241,item_242,item_243,item_244,item_245,item_246,item_247,item_248,item_249,item_250,item_251,item_252,item_253,item_254,item_255,item_256,item_257,item_258,item_259,item_260,item_261,item_262,item_263,item_264,item_265,item_266,item_267,item_268,item_269,item_270,item_271,item_272,item_273,item_274,item_275,item_276,item_277,item_278,item_279,item_280,item_281,item_282,item_283,item_284,item_285,item_286,item_287,item_288,item_289,item_290,item_291,item_292,item_293,item_294,item_295,item_296,item_297,item_298,item_299,item_300,item_301,item_302,item_303,item_304,item_305,item_306,item_307,item_308,item_309,item_310,item_311,item_312,item_313,item_314,item_315,item_316,item_317,item_318,item_319,item_320,item_321,item_322,item_323,item_324,item_325,item_326,item_327,item_328,item_329,item_330,item_331,item_332,item_333,item_334,item_335,item_336,item_337,item_338,item_339,item_340,item_341,item_342,item_343,item_344
6,IN1006,02/14/2017,01/14/2016,F,"01,02,00",U,U,U,U,U,P,P,N,U,U,U,U,U,U,U,N,N,U,U,N,N,P,U,U,N,U,U,U,U,U,U,U,U,U,U,U,U,N,U,U,U,U,N,U,U,U,N,N,U,N,U,U,U,U,U,U,U,U,N,N,N,N,U,U,N,U,U,U,U,U,N,N,U,N,U,N,U,U,U,U,N,N,N,N,N,N,U,N,U,U,N,N,N,U,N,N,P,N,U,U,N,U,U,U,U,U,N,N,N,N,N,U,U,N,U,N,N,N,N,U,N,N,U,U,N,U,N,N,U,N,U,N,U,U,U,U,U,N,U,N,U,N,U,U,N,U,N,U,N,N,N,N,N,N,N,N,N,N,N,N,U,N,N,U,U,P,N,N,U,P,N,U,U,U,U,U,N,U,U,U,U,U,P,U,U,U,U,U,U,P,U,U,U,U,U,U,N,N,N,N,N,N,N,U,U,U,P,N,U,U,N,N,N,U,U,N,N,U,N,U,U,U,U,U,U,N,U,U,U,U,U,U,U,U,U,U,U,U,U,U,U,N,N,U,U,N,U,U,U,N,N,U,N,N,U,N,N,U,N,U,N,U,U,U,U,U,U,U,U,U,N,N,N,U,U,U,N,N,N,U,U,U,U,N,O,O,O,O,O,O,O,N,O,N,O,S,P,P,P,P,U,P,P,P,P,P,P,P,P,P,P,U,U,U,U,P,P,P,P,P,U,U,P,P,U,P,U,P,P,P,P,U,U,P,P,P,P,U,P,P,P,U,U,U
7,IN1007,12/30/2016,08/11/2015,M,"01,04,00",N,U,P,N,U,P,P,N,P,P,N,U,P,N,N,N,N,N,N,U,N,P,U,U,N,N,N,N,N,U,U,N,N,U,U,U,U,N,N,U,N,N,U,U,U,U,N,N,U,N,U,U,U,U,U,N,N,U,N,U,U,N,N,U,N,U,U,P,P,U,N,N,U,U,N,N,N,N,N,U,N,N,U,U,U,U,U,N,N,U,N,N,N,N,N,N,U,U,U,U,N,P,U,P,U,N,N,N,N,N,N,U,N,N,P,U,U,N,N,U,N,N,U,U,U,U,N,N,U,N,U,N,U,U,U,U,N,U,N,N,U,N,N,N,U,U,N,N,N,N,N,N,N,N,U,N,N,N,N,N,N,N,N,U,N,P,N,N,N,P,N,N,U,N,U,U,N,U,U,U,U,U,N,N,U,U,U,U,N,U,U,P,U,U,U,U,N,N,N,N,N,N,N,N,N,N,N,N,N,U,N,N,N,U,U,U,N,N,N,N,U,N,U,N,U,N,U,N,U,U,N,N,N,U,U,U,U,N,P,U,U,U,N,N,U,U,U,U,U,U,N,N,N,N,U,N,N,U,N,N,U,N,N,N,U,U,N,U,N,N,N,N,N,N,N,N,N,N,N,N,N,N,U,N,S,S,O,O,O,O,S,N,O,N,N,N,P,P,P,P,P,P,P,P,P,P,P,P,P,P,P,P,P,P,U,P,U,P,P,P,P,U,P,P,U,U,P,P,P,U,P,U,U,U,U,U,U,U,U,P,U,U,U,U
8,IN1008,11/11/2016,10/30/2015,F,"01,01,00",N,N,N,P,N,P,U,P,N,P,N,N,N,N,N,N,N,N,N,U,N,U,N,U,N,N,N,N,P,N,N,N,N,N,N,N,N,N,N,N,N,N,N,N,N,N,N,N,N,N,N,P,U,N,N,N,N,N,P,N,U,N,N,P,N,N,U,N,U,U,N,N,N,N,N,N,N,N,N,N,N,N,N,N,U,N,P,N,N,N,N,N,N,N,N,N,P,N,P,U,N,N,N,P,N,N,N,N,N,N,N,P,N,N,P,N,N,N,U,N,N,N,N,U,U,N,N,N,U,N,N,N,U,N,N,N,N,N,U,N,N,N,N,U,U,N,N,N,N,N,N,N,N,N,N,N,N,N,N,N,N,N,N,N,P,P,N,N,P,P,N,P,N,N,P,P,N,U,U,U,U,U,P,U,U,U,P,N,N,N,U,U,U,U,U,U,N,N,N,N,N,N,N,N,N,N,N,N,N,N,N,N,N,N,N,N,N,N,N,N,U,N,N,N,N,N,U,U,U,N,N,N,U,N,N,U,N,U,U,N,U,N,N,N,N,N,N,N,U,N,N,N,N,N,N,N,N,P,N,U,N,N,N,N,N,N,N,N,N,N,N,N,N,N,N,N,N,N,N,N,N,N,N,N,S,S,S,O,O,O,S,S,O,O,O,O,P,P,P,P,P,P,U,U,U,P,U,P,U,P,U,U,U,P,U,P,U,U,U,P,P,U,P,P,U,P,P,U,P,U,U,U,U,U,U,U,U,U,U,U,U,U,U,U
9,IN1009,12/29/2016,01/20/2016,M,,N,N,N,N,N,N,N,U,N,N,N,N,N,N,N,N,N,N,N,N,N,N,N,N,N,N,N,N,N,N,N,N,N,N,N,N,N,N,N,N,N,N,N,N,N,N,N,N,N,N,N,N,N,N,N,N,N,N,N,N,N,N,N,N,N,N,N,N,N,N,N,N,N,N,N,N,N,N,N,N,N,N,N,N,N,N,U,N,N,N,N,N,N,N,N,N,P,N,N,N,N,N,N,N,N,N,N,N,N,N,N,N,N,N,N,N,N,N,N,N,N,N,N,N,N,N,N,N,N,N,N,N,N,N,N,N,N,N,N,N,N,N,N,N,N,N,N,N,N,N,N,N,N,N,N,N,N,N,N,N,N,N,N,N,N,U,N,N,N,P,N,N,N,N,U,N,U,U,U,U,U,U,N,U,N,U,N,N,N,N,U,U,N,N,N,N,N,N,N,N,N,N,N,N,N,N,N,N,N,N,N,N,N,N,N,N,N,N,N,N,N,N,N,N,N,N,N,N,N,N,N,N,N,N,N,N,N,N,U,N,N,N,N,N,N,N,N,N,U,N,N,N,N,N,U,N,N,N,N,N,N,N,N,N,N,N,N,N,N,N,N,N,N,N,N,N,N,N,N,N,N,N,N,N,O,O,O,O,O,N,N,N,O,N,O,O,P,P,P,P,P,P,P,P,P,P,P,P,P,P,P,P,U,U,U,P,U,U,P,P,P,U,P,P,U,P,P,U,P,P,P,U,U,U,U,U,U,U,U,U,U,U,U,U
10,IN1010,11/11/2016,09/29/2015,F,,N,N,N,N,N,P,N,N,N,N,N,N,N,N,N,N,N,N,N,N,N,P,N,N,N,N,N,N,N,N,N,N,N,N,N,N,N,N,N,N,N,N,N,N,N,N,N,N,N,N,N,N,N,N,N,N,N,N,N,N,N,N,N,N,N,N,N,N,N,N,N,N,N,N,N,N,N,N,N,N,N,N,N,N,N,N,N,N,N,N,N,N,N,N,N,N,N,N,N,N,N,N,N,N,N,N,N,N,N,N,N,N,N,N,N,N,N,N,N,N,N,N,N,N,N,N,N,N,N,N,N,N,N,N,N,N,N,N,N,N,N,N,N,N,N,N,N,N,N,N,N,N,N,N,N,N,N,N,N,N,N,N,N,N,N,P,N,N,N,P,N,P,N,N,P,N,N,N,N,N,N,U,P,P,N,P,P,N,N,P,P,P,N,N,P,P,N,N,N,P,N,P,N,N,N,N,P,N,N,N,N,N,N,N,N,N,N,N,N,N,N,N,N,N,N,N,P,P,N,N,N,N,P,N,N,N,N,P,N,N,P,N,N,N,N,N,U,N,P,N,N,N,N,N,N,N,N,N,N,N,N,N,N,N,P,P,N,N,N,N,N,N,N,N,N,N,N,N,N,N,N,N,N,N,S,O,O,O,S,O,S,N,O,S,N,N,P,P,U,P,U,P,P,P,U,P,U,U,U,U,U,U,U,U,U,U,U,P,U,U,P,U,P,P,U,P,U,U,U,P,P,U,U,U,U,U,U,U,U,P,U,U,U,U
11,IN1011,10/31/2016,10/12/2015,M,,N,N,N,N,U,U,U,U,N,U,N,N,U,N,N,N,N,N,N,U,N,U,N,N,N,N,N,N,N,N,U,N,N,N,N,N,N,N,U,N,N,N,P,N,N,N,N,N,P,N,N,U,N,N,N,N,N,N,N,N,N,N,N,N,N,N,N,N,N,N,N,N,P,N,N,N,N,N,N,N,N,N,N,N,N,N,N,N,N,N,N,N,N,N,N,N,N,N,N,N,N,N,N,N,N,N,N,N,N,N,N,N,N,N,N,N,N,N,N,N,N,N,N,N,N,N,N,N,N,N,N,N,N,N,N,N,N,N,N,N,N,N,N,N,N,N,N,N,N,N,N,N,N,N,N,N,N,N,N,N,N,N,N,N,N,P,N,N,N,P,N,N,N,N,N,N,N,U,U,U,U,U,U,N,N,P,U,N,N,N,P,U,N,N,U,U,N,N,N,N,N,N,N,N,N,N,N,N,N,N,N,N,N,N,N,N,N,N,N,N,N,N,N,N,N,N,N,N,N,N,N,N,N,N,N,N,N,N,N,N,N,N,N,N,N,N,N,N,N,N,N,N,N,N,N,N,N,N,N,N,N,N,N,N,N,N,N,N,N,N,N,N,N,N,N,N,N,N,N,N,N,N,N,N,S,O,O,O,O,O,N,N,O,N,O,,P,P,P,P,U,P,P,P,P,P,U,U,U,P,U,U,U,U,U,P,N,U,U,N,N,N,N,P,N,N,P,N,N,N,N,N,N,N,N,N,N,N,N,N,N,N,N,N
12,IN1025,02/16/2017,05/19/2016,M,"00,09,00",N,N,N,N,N,N,N,N,N,N,N,N,N,N,N,N,N,N,N,N,N,N,N,N,N,N,N,N,N,N,N,N,N,N,N,N,N,N,N,N,N,N,N,N,N,N,N,N,N,N,N,N,N,U,U,N,N,N,N,N,N,N,N,N,N,N,N,N,N,U,N,N,N,N,N,N,N,N,N,N,N,N,N,N,N,N,U,N,N,N,N,N,N,N,N,N,U,N,U,N,N,U,N,N,N,N,N,N,N,N,N,N,N,N,N,N,N,N,N,N,N,N,N,N,N,N,N,N,N,N,N,N,N,N,N,N,N,N,N,N,N,N,N,U,N,U,N,N,N,N,N,N,N,N,N,N,N,N,N,N,N,N,N,N,N,P,N,N,N,P,N,N,U,N,U,U,N,N,U,N,N,U,N,N,U,N,U,N,N,N,N,U,N,N,N,U,N,N,N,N,N,N,N,N,N,U,N,N,N,N,N,N,N,N,N,N,N,N,N,U,U,N,N,N,N,N,U,U,N,N,N,N,N,N,N,U,U,N,N,N,N,N,N,N,N,N,N,U,N,N,N,N,N,N,N,N,N,N,N,N,N,N,N,N,N,N,N,U,N,N,N,N,N,U,U,N,N,N,N,N,N,N,U,N,S,S,O,N,O,N,N,N,O,S,O,N,P,U,P,U,U,P,P,P,U,P,U,U,U,U,U,U,P,U,U,U,U,U,U,U,U,U,U,P,U,P,U,U,U,U,U,U,U,U,U,U,U,U,U,P,U,U,U,U
13,IN1026,03/20/2017,02/18/2016,M,"00,00,00",U,U,U,U,P,U,P,U,U,U,U,U,U,U,U,U,U,U,U,U,U,U,U,U,U,U,U,U,U,U,U,U,U,U,U,U,U,U,U,U,U,U,P,U,P,P,U,U,P,U,P,P,P,P,U,U,U,U,U,P,U,U,U,U,U,U,U,U,U,U,U,U,U,U,U,U,U,U,U,U,U,U,U,U,U,U,P,U,U,U,U,U,U,U,U,U,P,U,P,P,U,U,U,U,U,U,U,U,U,U,U,P,U,U,U,U,U,U,U,U,U,U,U,U,U,U,U,U,P,U,U,U,U,U,U,U,U,U,U,U,U,U,U,U,U,U,U,U,U,U,U,U,U,U,U,U,U,U,U,U,P,U,P,P,U,P,U,U,U,P,U,U,U,U,P,P,U,U,U,U,U,U,U,U,U,P,P,U,U,U,P,U,U,U,U,P,U,U,U,U,U,U,U,U,U,U,U,U,U,U,U,U,U,U,U,U,U,U,U,U,U,U,U,U,U,U,U,U,U,U,U,U,U,U,U,U,U,U,U,U,U,U,U,U,U,U,U,U,U,U,U,U,U,U,U,U,U,P,U,U,U,U,U,U,U,U,U,U,U,U,U,U,U,U,U,U,U,U,U,U,U,U,U,U,S,S,S,O,O,S,S,N,S,N,N,N,P,P,P,P,U,P,P,P,U,P,U,U,U,U,U,U,U,U,U,P,U,U,U,U,U,U,U,U,U,P,U,U,U,U,U,U,U,U,U,U,U,U,U,U,U,U,U,U
14,IN1027,03/20/2017,02/18/2016,M,"00,00,00",U,U,U,U,U,U,U,U,U,U,U,U,U,U,U,U,U,U,U,U,U,U,U,U,U,U,U,U,U,U,U,U,U,U,U,U,U,U,U,U,U,U,P,U,U,P,U,U,U,U,U,P,P,P,U,U,U,U,U,U,U,U,U,U,U,U,U,U,U,U,U,U,U,U,U,U,U,U,U,U,U,U,U,U,U,U,U,U,U,U,U,U,U,U,U,U,P,U,P,P,U,U,U,U,U,U,U,U,U,U,U,P,U,U,U,U,U,U,U,U,U,U,U,U,U,U,U,U,U,U,U,U,U,U,U,U,U,U,U,U,U,U,U,U,U,U,U,U,U,U,U,U,U,U,U,U,U,U,U,U,P,U,P,P,U,P,U,U,U,P,U,U,U,U,P,P,U,U,U,U,U,U,U,U,U,P,P,U,U,U,P,U,U,U,U,P,U,U,U,U,U,U,U,U,U,U,U,U,U,U,U,U,U,U,U,U,U,U,U,U,U,U,U,U,U,U,U,U,U,U,U,U,U,U,U,U,U,U,U,U,U,U,U,U,U,U,U,U,U,U,U,U,U,U,U,U,U,U,U,U,U,U,U,U,U,U,U,U,U,U,U,U,U,U,U,U,U,U,U,U,U,U,U,U,S,S,S,O,O,O,S,N,O,N,N,N,P,P,P,P,U,P,U,P,U,P,U,U,U,U,U,U,U,U,U,P,U,U,U,P,U,U,U,U,U,U,U,U,U,U,U,U,U,U,U,U,U,U,U,U,U,U,U,U
15,IN1028,03/22/2017,04/21/2016,F,"00,00,00",U,N,U,U,U,U,U,U,U,U,U,U,U,U,N,N,N,N,U,U,N,U,N,U,U,U,N,N,N,N,N,N,N,N,N,N,U,N,U,U,N,U,N,N,U,U,N,N,U,N,U,U,U,U,U,U,N,U,N,U,N,N,U,U,N,N,U,U,U,U,N,N,U,N,N,N,U,N,U,U,N,N,N,U,U,N,U,N,U,N,N,N,N,U,N,N,U,N,U,U,N,U,U,U,U,U,U,N,N,N,N,U,N,N,U,N,U,N,U,N,N,U,U,U,U,U,N,N,U,N,U,N,U,U,U,U,U,U,U,U,N,N,N,U,U,U,N,N,U,U,N,N,N,N,N,N,N,N,N,N,U,N,N,U,U,U,N,N,U,U,N,U,N,U,U,U,N,U,U,U,U,U,U,U,U,U,U,N,N,P,U,U,U,U,U,U,U,N,U,U,U,U,U,N,N,U,U,N,U,U,N,N,N,U,U,N,U,U,U,U,U,U,N,U,U,N,U,U,U,U,N,U,U,U,N,U,U,U,U,U,U,U,U,U,U,N,U,U,U,U,U,U,U,N,U,N,N,U,N,U,N,U,U,U,U,U,U,U,U,U,N,N,U,U,U,U,U,U,U,U,U,U,U,U,O,O,O,O,O,O,O,N,O,O,O,O,P,P,P,P,P,P,P,P,P,P,U,P,P,U,P,U,U,U,U,P,U,U,U,P,P,U,U,P,U,U,U,U,P,P,P,P,U,U,U,U,U,U,U,P,U,U,U,U
16,IN1029,01/17/2017,10/12/2015,F,"01,03,00",N,N,P,U,N,P,P,N,P,P,U,N,P,N,N,N,N,N,N,U,N,P,N,P,N,N,U,N,U,N,U,N,N,N,N,N,N,N,N,U,N,U,N,U,U,N,N,N,U,N,U,N,P,U,N,N,N,U,P,U,N,N,U,U,N,N,U,U,U,U,N,N,P,N,U,N,N,N,U,U,N,N,N,N,N,N,P,U,U,N,N,N,N,U,N,N,P,N,P,U,N,P,N,N,U,N,U,N,N,N,N,P,U,N,U,N,N,N,N,N,N,N,U,U,U,N,N,N,U,N,U,N,P,N,N,N,N,N,N,N,U,N,N,U,N,N,N,N,P,U,N,N,N,N,U,N,N,N,N,N,N,N,N,N,N,P,N,N,P,P,N,N,U,N,U,U,N,U,U,U,U,U,U,U,U,U,U,N,N,U,U,U,P,U,U,U,N,N,U,P,N,U,N,N,N,N,N,N,N,U,N,N,N,N,N,N,N,U,N,N,U,U,N,N,N,N,N,U,N,N,N,N,P,N,N,N,N,N,U,N,N,N,N,N,N,N,N,U,N,N,N,N,N,N,U,N,N,U,N,U,N,N,N,N,N,N,N,U,N,U,N,N,N,N,N,N,N,N,N,N,N,N,N,N,S,O,S,O,O,O,O,N,O,N,S,S,P,P,P,P,U,P,P,P,P,P,P,P,U,U,P,P,P,U,U,P,U,U,P,P,U,P,P,P,U,P,U,U,P,P,P,P,U,P,P,U,U,U,U,P,U,P,U,U
17,IN1030,03/25/2017,11/09/2015,F,"00,16,00",P,N,P,P,U,P,P,P,P,P,P,P,P,P,U,U,U,N,U,U,N,U,N,U,U,U,U,U,U,U,U,N,U,N,U,U,U,N,U,U,U,U,N,U,U,U,N,U,U,N,U,N,U,U,U,U,N,U,U,U,N,N,U,U,U,U,U,U,U,U,U,N,U,N,U,N,N,U,U,U,N,U,U,N,U,N,U,N,U,U,N,N,N,U,N,N,U,N,U,U,N,U,U,U,U,N,U,N,N,U,N,N,N,N,U,U,U,U,N,U,N,U,U,U,U,U,N,U,U,N,U,N,U,U,U,N,U,U,U,U,U,N,N,U,N,N,N,N,U,U,N,N,N,N,N,N,N,N,N,U,N,N,N,N,N,U,N,N,U,U,N,N,N,N,U,U,N,U,U,U,U,U,P,U,U,P,U,U,U,U,P,U,U,U,U,U,N,N,N,N,N,U,U,N,N,U,N,U,N,U,N,N,N,N,U,N,N,U,N,N,P,U,U,U,U,N,U,U,U,N,U,N,U,U,U,U,U,N,P,U,U,N,U,U,U,U,U,U,U,N,N,U,N,N,N,N,N,U,U,N,N,U,N,N,U,U,N,U,N,N,U,U,N,N,U,U,U,U,N,N,N,N,U,N,N,O,O,O,O,O,S,N,S,O,N,S,P,P,P,P,U,P,P,U,P,P,P,P,P,U,U,U,P,U,P,P,U,U,U,P,P,U,P,P,U,U,U,U,P,P,P,U,U,U,U,U,U,U,U,U,U,U,U,U
18,IN1031,03/24/2017,11/10/2015,F,"01,04,00",P,N,U,U,U,P,N,U,P,P,P,N,U,N,N,N,U,N,N,U,N,P,U,U,P,U,N,N,N,P,N,N,U,U,U,N,U,N,U,U,N,N,N,P,U,U,N,N,U,N,N,N,N,U,N,N,U,U,N,P,N,N,U,U,N,N,U,P,P,P,N,N,U,N,U,N,N,N,U,U,N,N,N,N,N,N,P,N,N,N,N,N,N,U,N,N,P,N,P,P,N,U,N,N,U,N,U,N,N,N,N,U,N,N,P,N,N,N,N,N,N,N,N,P,N,N,N,N,U,N,N,N,U,N,U,U,N,N,N,N,N,N,N,U,N,U,N,N,N,N,N,U,N,N,N,N,N,N,N,N,N,N,N,N,U,U,N,N,N,P,N,N,U,N,U,U,N,N,U,N,N,U,P,U,U,U,U,N,P,N,U,U,U,U,U,U,N,N,U,P,N,P,N,N,N,N,N,N,N,U,N,N,N,N,N,N,N,N,N,N,N,U,N,N,N,N,U,U,N,N,N,N,U,N,N,N,N,N,U,N,U,N,N,N,U,N,N,N,U,N,N,N,N,N,U,N,N,U,N,N,N,N,N,U,U,U,U,U,N,U,U,N,N,N,U,N,U,N,N,N,N,N,N,N,O,O,O,S,O,S,S,N,S,O,O,O,P,P,U,P,P,P,P,P,P,P,P,P,P,P,P,P,U,P,U,P,U,P,P,P,P,U,P,P,U,P,U,U,P,P,P,P,P,P,U,U,U,U,U,P,U,U,P,U
19,IN1032,04/09/2017,11/26/2015,M,"01,04,00",N,N,N,U,N,P,N,N,P,N,P,N,N,N,N,N,N,N,N,P,N,P,N,N,N,N,N,N,N,N,U,N,U,N,N,N,N,N,N,N,N,N,N,U,U,N,N,N,N,N,N,N,N,N,N,N,N,U,N,U,N,N,U,U,N,N,N,U,N,U,N,N,U,N,U,N,N,U,U,N,N,N,N,N,N,N,N,N,N,N,N,N,N,U,N,N,N,N,P,U,N,U,N,N,N,U,N,N,U,N,N,P,N,N,U,N,N,N,N,N,N,N,U,N,U,U,N,N,N,N,U,N,N,N,N,N,N,U,U,N,N,N,U,N,U,N,N,N,U,N,N,N,N,N,N,N,N,N,N,N,N,U,N,N,P,P,N,N,N,P,N,U,N,N,U,U,N,U,U,U,U,U,N,U,U,U,U,N,N,N,U,U,U,N,U,U,N,N,N,N,N,N,N,N,N,N,N,N,N,N,N,N,N,N,N,N,N,N,N,N,N,N,N,N,N,N,N,N,N,N,N,N,N,N,N,N,N,N,N,N,N,N,N,N,N,N,N,N,N,N,N,N,N,N,N,N,N,N,N,N,N,N,N,N,N,N,N,N,N,N,N,N,N,N,N,N,N,N,N,N,N,N,N,N,,,,,,,,,,,,,N,N,N,N,N,N,N,N,N,N,N,N,N,N,N,N,N,N,N,N,N,N,N,N,N,N,N,N,N,N,N,N,N,N,N,N,N,N,N,N,N,N,N,N,N,N,N,N
20,IN1033,03/07/2017,03/14/2016,F,"00,12,00",U,P,U,P,P,P,U,N,U,P,P,N,P,U,N,N,N,N,N,U,N,P,N,U,U,U,U,U,U,U,N,N,U,U,U,U,U,N,U,P,U,P,N,U,U,U,U,N,U,N,U,U,U,U,U,U,N,U,N,U,U,N,U,U,N,U,U,U,U,U,N,N,U,N,U,U,U,U,U,U,N,N,N,U,U,U,P,N,U,U,N,N,N,U,N,N,P,N,P,U,U,U,U,U,U,N,N,N,U,U,U,U,U,N,U,N,N,N,N,N,U,U,U,N,N,N,N,N,U,U,U,N,U,U,U,U,U,U,U,U,U,N,N,U,N,U,N,N,U,U,N,N,N,U,N,N,N,N,N,N,N,N,N,N,P,P,N,N,U,P,N,U,N,U,U,N,N,U,U,U,U,U,P,U,U,U,U,U,N,N,U,U,U,U,U,U,N,U,U,P,U,P,U,N,U,U,U,U,U,U,N,N,N,U,U,U,N,U,N,U,U,U,U,U,U,U,U,U,U,U,N,U,U,N,U,N,U,N,U,N,U,U,N,U,U,U,U,U,U,N,U,U,N,N,U,N,N,N,N,U,N,N,N,U,U,U,U,U,N,U,U,N,N,N,N,N,N,N,N,N,N,N,N,N,O,O,O,O,O,O,O,S,O,O,N,S,P,P,P,P,U,P,P,P,P,P,U,U,P,U,U,U,P,U,U,P,U,P,P,P,U,U,P,P,U,P,P,U,P,P,U,U,U,P,P,U,P,U,P,P,U,U,U,U
21,IN1034,03/21/2017,01/13/2016,F,"01,02,00",N,N,N,N,N,U,N,N,U,U,N,N,N,U,N,N,N,N,N,N,N,U,N,U,N,N,N,N,N,N,N,N,N,N,N,N,N,N,N,U,N,N,N,N,U,N,N,N,N,N,N,N,N,U,U,N,N,U,N,U,N,N,N,N,N,N,N,U,U,N,N,N,U,N,N,N,N,N,U,U,N,N,N,N,N,N,U,N,N,N,N,N,N,U,N,N,N,N,U,U,N,N,N,U,N,N,N,N,N,N,N,N,N,N,U,N,N,N,N,N,N,N,N,N,N,N,N,N,U,N,N,N,N,N,U,N,N,U,N,N,U,N,U,U,U,U,N,N,N,N,N,N,N,N,N,N,N,N,N,N,N,N,N,N,N,U,N,N,N,U,N,N,N,U,U,N,N,U,U,U,U,U,P,P,N,P,P,N,N,U,P,U,U,N,N,U,N,N,N,N,N,N,N,N,N,N,U,N,N,U,N,N,N,N,U,U,U,N,N,N,U,N,N,N,N,N,U,U,N,N,N,N,U,N,N,N,U,N,U,N,N,U,N,N,N,N,N,U,N,N,N,U,N,N,U,N,N,N,N,N,N,N,N,U,N,N,U,U,N,U,N,N,N,N,N,N,N,N,N,N,N,N,N,N,O,O,O,O,O,O,O,S,O,N,N,S,P,P,P,P,P,P,P,P,P,P,P,P,U,P,P,U,U,U,U,P,U,U,U,P,P,U,P,P,U,P,P,U,P,P,P,U,U,P,U,U,U,U,U,P,U,U,U,U
22,IN1035,03/21/2017,01/29/2016,F,"01,02,00",N,N,N,P,N,P,N,N,N,P,P,N,P,N,N,N,N,N,N,P,N,P,P,U,U,N,U,N,P,N,N,N,N,N,N,N,U,N,N,N,N,N,N,N,P,P,N,N,P,N,P,P,N,P,P,N,N,P,N,P,N,N,U,U,N,P,N,N,P,N,N,N,P,N,N,N,N,P,P,P,N,U,N,N,U,N,P,N,N,P,N,N,N,U,N,N,P,N,U,U,N,N,N,U,U,N,N,N,N,N,N,P,N,N,P,N,N,N,N,N,N,N,N,N,N,N,N,N,P,N,P,N,P,N,P,P,P,N,P,P,P,P,U,N,P,P,N,U,N,N,N,N,N,N,N,N,N,U,N,N,N,N,N,N,N,P,U,U,N,P,P,N,N,N,P,P,N,U,U,U,U,U,P,P,P,P,U,U,N,U,P,U,N,P,N,N,P,N,N,N,U,P,P,N,N,P,N,N,N,P,N,N,N,N,U,N,N,P,N,N,P,N,P,N,P,N,U,P,N,P,N,N,P,U,N,N,P,N,P,U,N,N,N,N,P,N,N,U,P,N,N,N,N,P,P,N,N,P,N,P,N,P,N,N,P,P,P,U,N,P,N,N,P,N,N,N,N,N,N,P,N,P,P,N,O,O,O,O,O,S,S,N,O,N,S,N,P,P,P,P,P,P,P,P,P,U,P,P,U,P,P,U,P,P,U,P,U,P,P,P,P,U,P,P,U,P,P,U,P,P,P,P,P,P,P,P,U,P,P,P,P,P,P,U
23,IN1036,03/30/2017,01/12/2016,M,"00,14,00",N,N,N,N,U,N,N,N,N,N,N,N,N,N,N,N,N,N,N,U,N,U,N,U,N,U,N,N,N,N,N,N,N,N,N,U,N,N,U,U,N,N,N,N,N,U,N,N,N,N,U,U,N,U,N,N,N,N,N,N,N,N,N,U,N,N,U,U,U,N,N,N,N,N,U,N,N,N,N,U,N,N,N,N,N,N,U,N,U,N,N,N,N,U,N,N,P,N,N,N,N,N,N,N,N,N,N,N,N,N,N,U,N,N,U,N,N,N,N,N,N,N,N,N,N,N,N,N,U,N,U,N,N,N,U,U,N,N,N,U,U,N,N,U,N,N,N,N,N,N,N,N,N,N,N,N,N,N,N,N,N,N,U,N,N,N,N,N,N,N,N,N,N,U,U,U,N,N,U,U,U,U,U,U,U,U,U,N,N,N,U,U,U,U,N,N,N,N,N,N,N,N,N,P,N,N,N,N,N,U,N,N,N,N,N,N,N,N,N,N,U,N,N,N,N,N,U,U,N,N,N,N,U,N,N,N,U,N,N,N,U,N,N,N,U,N,U,U,U,N,N,N,N,N,U,N,N,N,N,N,N,N,N,N,N,N,U,N,N,N,N,N,N,N,N,N,N,N,N,N,N,N,N,N,O,O,O,O,O,S,N,N,O,N,S,N,P,U,P,P,U,P,P,P,P,U,P,P,U,U,P,U,U,U,U,P,P,U,U,P,P,P,U,P,U,P,P,U,P,U,U,U,U,U,U,U,U,U,U,U,U,U,U,U
24,IN1012,12/15/2016,07/26/2015,M,"01,04,19",P,U,U,U,U,U,U,U,U,U,U,U,U,U,U,U,U,U,U,U,U,P,U,P,U,U,U,P,U,U,U,U,U,U,U,U,U,U,U,U,U,U,U,U,U,U,U,U,U,U,U,U,U,U,U,U,U,U,U,U,U,U,U,U,U,U,U,U,U,U,U,U,U,U,U,U,U,U,U,U,U,U,U,U,U,U,U,U,U,U,U,U,U,U,U,U,U,U,U,U,U,U,U,U,U,U,U,U,U,U,U,U,U,U,U,U,U,U,U,U,U,U,U,U,U,U,U,U,U,U,U,U,U,U,U,U,U,U,U,U,U,U,U,U,U,U,U,U,U,U,U,U,U,U,U,U,U,U,U,U,U,U,U,U,U,U,U,U,U,U,U,U,U,U,U,U,U,U,U,U,U,U,P,U,U,U,P,P,U,P,P,P,P,U,U,U,U,U,U,U,U,U,U,U,U,U,U,U,U,U,U,U,U,U,U,U,U,U,U,U,U,U,U,U,U,U,U,U,U,U,U,U,U,U,U,U,P,U,U,U,U,U,U,U,U,U,U,U,U,U,U,U,U,U,U,U,U,U,U,U,U,U,U,U,U,U,U,U,U,U,U,U,U,U,U,U,U,U,U,U,U,U,U,U,O,O,O,S,O,O,S,N,S,S,O,O,P,P,P,P,P,P,P,P,P,P,P,P,P,P,P,P,P,P,P,P,P,P,P,P,P,P,P,P,P,P,P,P,P,P,P,U,U,U,U,U,U,U,U,U,U,U,U,U
25,IN1013,11/01/2016,07/25/2015,F,"01,04,16",N,P,N,N,P,P,U,U,N,U,U,N,P,N,N,N,N,N,N,U,N,P,N,N,N,N,N,N,N,N,N,N,N,P,P,N,N,N,N,U,N,N,N,N,P,U,N,N,P,N,P,U,U,U,U,N,N,P,N,P,U,N,U,N,U,U,U,U,P,N,N,N,P,N,N,N,N,U,U,U,N,N,N,N,N,N,P,N,U,N,N,N,N,N,N,N,P,N,P,U,N,N,N,N,N,N,N,N,N,N,N,P,N,N,U,N,N,N,N,N,U,N,N,N,N,N,N,N,U,N,N,N,U,N,U,N,U,U,U,N,U,N,N,U,N,N,N,N,N,N,N,N,N,N,N,N,N,N,N,N,N,N,N,N,N,P,N,N,P,P,P,N,N,N,N,N,N,U,U,U,U,U,P,P,U,P,U,N,N,P,P,U,P,U,U,U,N,N,N,N,N,P,N,N,N,U,U,N,N,N,N,N,N,U,U,N,N,U,N,N,U,U,U,U,U,N,U,U,U,U,U,U,P,N,U,U,P,P,U,U,U,U,N,U,U,U,U,U,P,P,U,U,U,U,P,N,N,P,N,N,N,U,U,P,P,P,P,P,U,P,U,N,N,N,N,N,P,N,N,N,N,N,P,N,S,O,S,O,O,O,S,N,O,S,S,O,P,P,P,P,P,P,P,P,P,P,P,P,P,P,P,U,P,U,U,P,U,P,U,P,P,U,P,P,U,P,P,P,P,P,P,P,P,U,U,U,P,P,P,P,P,P,P,U
26,IN1014,12/27/2016,10/05/2015,F,"01,02,22",N,N,N,N,N,N,N,N,N,N,N,N,N,N,N,N,N,N,U,N,N,N,N,N,N,N,N,N,N,N,N,N,N,N,N,N,N,N,N,N,N,N,N,N,U,N,N,N,N,N,N,N,N,N,N,N,N,N,N,N,N,N,N,U,N,U,N,U,U,N,N,N,N,N,U,N,N,N,N,U,N,U,N,U,N,N,U,N,U,N,N,N,N,U,N,N,U,N,U,U,N,N,N,U,N,N,N,N,N,N,N,U,N,N,U,N,U,N,N,N,U,U,U,N,N,N,N,N,U,N,U,N,U,N,N,N,N,U,N,N,U,N,N,U,N,U,N,N,N,N,N,N,N,N,N,N,N,N,N,N,N,N,N,N,N,U,N,N,N,U,N,N,N,N,U,N,N,U,U,U,U,U,U,U,U,U,U,N,U,U,U,U,U,U,U,U,N,N,N,N,N,U,N,N,N,N,U,N,N,U,N,N,N,N,N,U,N,U,U,N,U,U,N,U,N,N,N,U,U,U,N,N,U,N,N,N,U,U,U,U,U,U,N,N,U,N,U,U,U,U,N,N,N,N,U,N,U,U,N,N,U,N,N,U,U,N,U,U,N,N,N,N,N,N,N,N,N,N,N,N,N,N,U,N,O,O,O,S,O,O,N,S,S,N,N,S,P,P,P,P,P,P,P,P,P,P,P,P,U,P,P,U,U,U,P,P,P,U,P,P,P,U,P,P,U,P,P,U,P,U,U,U,U,P,P,U,P,U,U,P,U,U,U,U
27,IN1015,01/07/2017,01/04/2016,M,"01,00,03",N,N,N,N,N,N,U,N,N,N,N,N,N,N,N,N,N,N,N,U,N,N,N,N,N,N,N,N,N,N,N,N,N,N,N,N,N,N,N,N,N,N,N,N,U,N,N,N,N,N,N,N,N,U,N,N,N,U,N,U,N,N,N,U,N,N,N,N,U,N,N,N,U,N,N,N,N,N,N,U,N,N,N,N,N,N,U,N,N,N,N,N,N,N,N,N,P,N,P,N,N,N,N,N,N,N,N,N,N,N,N,N,N,N,N,N,N,N,N,N,N,N,N,N,N,U,N,N,U,N,N,N,N,N,N,N,N,N,N,N,N,N,N,N,N,N,N,N,N,N,N,N,N,N,N,N,N,N,N,N,N,N,N,N,N,P,N,N,N,P,N,N,N,N,P,U,N,U,U,U,N,U,N,N,N,U,U,N,N,N,U,U,N,U,U,U,N,N,N,N,N,N,N,N,N,U,N,N,N,N,N,N,N,N,N,N,N,N,N,N,U,N,N,N,N,N,N,U,N,N,N,N,N,N,N,N,U,U,N,N,N,N,N,N,N,N,N,N,N,N,N,N,N,N,U,N,N,N,N,N,N,N,N,U,U,N,N,N,N,U,N,N,N,N,N,N,N,N,N,N,N,N,U,U,O,S,O,S,O,O,N,N,O,S,N,S,P,P,U,P,U,P,P,P,P,P,U,P,U,U,U,U,U,U,U,P,U,U,U,P,U,U,P,U,U,P,P,U,P,U,U,U,U,U,P,U,U,U,P,P,U,U,U,U
28,IN1016,01/09/2017,01/13/2016,F,,N,N,N,N,N,N,N,N,N,U,N,N,N,U,N,N,N,N,N,U,N,N,N,N,N,N,N,N,N,N,N,N,N,N,N,N,N,N,N,N,N,N,N,N,N,N,N,N,N,N,U,N,N,U,N,N,N,N,N,N,N,N,N,U,N,N,N,N,U,N,N,N,N,N,N,N,N,N,N,U,N,N,N,N,U,N,U,N,U,N,N,N,N,U,N,N,P,N,P,U,N,N,N,N,U,N,N,N,N,N,N,N,N,N,N,N,N,N,N,N,N,N,U,N,N,N,N,N,N,N,N,N,U,N,N,N,N,N,N,N,N,N,N,U,N,U,N,N,N,N,N,N,N,N,N,N,N,N,N,N,N,N,N,N,U,P,N,N,N,P,N,U,U,N,P,N,N,U,U,U,U,U,N,U,N,U,U,N,N,N,U,U,N,N,U,N,N,N,N,N,N,U,N,N,N,N,N,N,N,N,N,N,N,N,N,N,N,N,N,N,N,N,N,N,N,N,P,U,U,N,N,N,N,N,N,N,P,N,N,N,U,N,N,N,N,N,N,N,U,N,N,N,N,N,N,N,N,N,N,N,N,N,N,N,N,N,N,U,N,N,N,N,N,N,N,N,N,N,N,N,N,N,N,N,O,O,O,S,O,S,N,N,O,N,S,N,P,P,P,P,P,P,P,P,P,P,U,U,U,U,P,U,U,U,U,P,U,U,P,P,P,P,U,P,U,P,U,U,P,U,U,U,U,P,P,U,U,U,P,P,P,U,U,U
29,IN1017,01/18/2017,03/18/2016,,"00,10,00",N,N,N,N,N,N,N,N,N,U,N,N,N,N,N,N,N,N,N,N,N,N,N,N,N,N,N,N,N,N,N,N,N,N,N,N,N,N,N,N,N,N,N,N,N,N,N,N,N,N,N,N,N,N,N,N,N,N,N,N,N,N,N,N,N,N,N,N,N,N,N,N,N,N,N,N,N,N,N,N,N,N,N,N,N,N,U,N,U,N,N,N,N,N,N,N,P,N,U,U,N,U,N,N,U,N,N,N,N,N,N,N,N,N,N,N,N,N,N,N,N,N,N,N,N,N,N,N,N,N,N,N,N,N,N,N,N,N,N,N,N,N,N,N,N,N,N,N,N,N,N,N,N,N,N,N,N,N,N,N,N,N,N,N,N,P,N,N,N,P,N,U,U,N,P,U,N,N,N,U,N,N,N,N,N,U,N,N,U,N,U,N,U,N,N,N,N,N,N,N,N,N,N,N,N,N,N,N,N,N,N,N,N,N,N,N,N,N,N,N,N,N,N,N,N,N,N,N,N,N,N,N,N,N,N,N,N,N,N,N,N,N,N,N,N,N,N,N,N,N,N,N,N,N,N,N,N,N,N,N,N,N,N,N,N,N,N,N,N,N,N,N,N,N,N,N,N,N,N,N,N,N,N,N,O,S,S,O,O,O,N,N,S,S,O,O,P,P,P,P,P,P,P,P,P,P,U,P,U,U,U,U,U,U,U,U,U,U,U,U,U,U,P,P,U,P,U,U,U,U,U,U,U,U,U,U,U,U,U,U,U,U,U,U
30,IN1018,01/23/2017,12/14/2015,,,N,N,N,N,N,N,N,U,N,N,N,N,N,N,N,N,N,N,N,U,N,N,N,N,N,N,N,N,N,N,N,N,N,N,N,N,N,N,N,N,N,N,N,N,N,N,N,N,N,N,N,N,N,U,N,N,N,N,N,U,N,N,N,N,N,N,N,N,N,N,N,N,U,N,N,N,N,N,N,U,N,N,N,N,N,N,U,N,N,N,N,N,N,N,N,N,U,N,U,N,N,N,N,N,U,N,N,N,N,N,N,N,N,N,N,N,N,N,N,N,N,N,N,N,N,N,N,N,N,N,N,N,N,N,N,N,N,N,N,N,N,N,N,N,N,N,N,N,N,N,N,N,N,N,N,N,N,N,N,N,N,N,N,N,N,P,N,N,N,P,N,N,U,N,U,N,N,U,U,N,N,U,N,N,N,N,U,N,N,N,N,N,U,N,N,U,N,N,N,N,N,N,N,N,N,N,N,N,N,N,N,N,N,N,N,N,N,N,N,N,N,N,N,N,N,N,N,N,N,N,N,N,N,N,N,N,N,N,U,N,N,N,N,N,U,N,N,N,U,N,N,N,N,N,N,N,N,N,N,N,N,N,N,N,N,N,N,N,N,N,N,N,N,N,N,N,N,N,N,N,N,N,N,N,S,O,N,N,O,N,N,N,O,N,N,S,P,P,U,U,U,U,P,P,U,P,U,U,U,U,U,U,U,U,U,U,U,U,U,U,U,U,U,P,U,U,U,U,U,U,U,U,U,U,U,U,U,U,U,P,U,U,U,U
31,IN1019,01/23/2017,01/08/2016,,"00,12,00",N,N,N,N,N,N,U,N,N,P,N,N,N,N,N,N,N,N,N,N,N,N,N,N,N,N,N,N,N,N,N,N,N,N,N,N,N,N,N,N,N,N,N,N,N,N,N,N,N,N,N,N,N,N,N,N,N,N,N,U,N,N,N,N,N,N,N,N,N,N,N,N,N,N,N,N,N,N,N,N,N,N,N,N,N,N,U,N,N,N,N,N,N,N,N,N,P,N,N,N,N,U,N,N,N,N,N,N,N,N,N,N,N,N,N,N,N,N,N,N,N,N,N,N,N,N,N,N,N,N,N,N,N,N,N,N,N,N,N,N,N,N,N,N,N,N,N,N,N,N,N,N,N,N,N,N,N,N,N,N,N,N,N,N,N,N,N,N,N,N,N,N,N,N,N,N,N,U,U,N,U,U,N,U,N,U,U,N,N,N,U,U,N,N,U,N,N,N,N,N,N,N,N,N,N,N,N,N,N,N,N,N,N,N,N,N,N,N,N,N,N,N,N,N,N,N,N,N,N,N,N,N,N,N,N,N,N,N,N,N,N,N,N,N,N,N,N,N,U,N,N,N,N,N,N,N,N,N,N,N,N,N,N,N,N,N,N,N,N,N,N,N,N,N,N,N,N,N,N,N,N,N,N,N,O,O,O,S,O,S,N,N,S,N,S,N,P,P,P,U,U,P,P,P,P,U,P,U,U,U,U,U,U,U,U,P,U,U,U,P,P,U,P,P,U,U,P,U,P,P,U,U,U,U,U,U,U,U,U,U,U,U,U,U
32,IN1020,01/23/2017,12/24/2015,F,"01,00,00",N,N,N,N,N,N,N,N,N,N,N,N,N,N,N,N,N,N,N,N,N,N,N,N,N,N,N,N,N,N,N,N,N,N,N,N,N,N,N,N,N,N,N,N,N,N,N,N,N,N,N,N,N,N,N,N,N,N,N,N,N,N,N,N,N,N,N,N,N,N,N,N,N,N,N,N,N,N,N,N,N,N,N,N,N,N,N,N,N,N,N,N,N,N,N,N,N,N,N,N,N,N,N,N,N,N,N,N,N,N,N,N,N,N,N,N,N,N,N,N,N,N,N,N,N,N,N,N,N,N,N,N,N,N,N,N,N,N,N,N,N,N,N,N,N,N,N,N,N,N,N,N,N,N,N,N,N,N,N,N,N,N,N,N,N,N,N,N,N,N,N,N,N,N,N,N,N,N,U,N,N,U,U,N,N,P,P,N,N,P,P,P,N,N,U,U,N,N,N,N,N,N,N,N,N,N,N,N,N,N,N,N,N,N,N,N,N,N,N,N,N,N,N,N,N,N,N,N,N,N,N,N,N,N,N,N,N,N,N,N,N,N,N,N,N,N,N,N,N,N,N,N,N,N,N,N,N,N,N,N,N,N,N,N,N,N,N,N,N,N,N,N,N,N,N,N,N,N,N,N,N,N,N,N,,,,,,,,,,,,,N,N,N,N,N,N,P,P,U,N,N,N,N,N,N,N,N,N,N,N,N,N,N,P,P,U,P,N,N,N,N,N,N,N,N,N,N,P,N,N,N,N,P,P,N,N,N,N
33,IN1021,02/09/2017,11/13/2015,F,"01,02,00",U,U,P,U,U,P,U,P,P,P,P,U,P,P,P,U,N,N,P,U,N,P,U,P,P,U,U,U,U,U,U,U,P,U,P,U,P,P,U,U,U,U,N,U,U,U,N,N,U,N,U,U,U,U,N,N,N,U,N,U,N,N,U,U,N,U,U,U,U,U,N,N,P,N,U,N,N,N,U,U,N,N,N,N,N,N,P,N,P,N,N,N,N,P,N,N,P,N,P,P,N,U,U,P,U,N,U,N,N,N,N,U,N,N,P,N,P,U,N,N,N,N,U,N,U,U,N,N,U,N,U,N,U,N,U,N,N,N,N,N,N,N,N,U,N,N,N,N,N,N,N,N,N,N,U,N,N,N,N,N,N,N,N,N,N,P,N,N,N,P,P,U,N,N,U,U,N,U,U,U,U,U,P,U,U,P,P,U,U,U,P,U,U,U,U,U,N,N,N,N,N,N,N,N,N,N,N,U,N,U,N,N,N,N,U,U,U,U,N,N,U,N,U,N,N,N,U,U,U,N,N,U,U,U,U,U,U,N,U,U,U,U,N,U,U,N,U,U,U,N,N,U,U,U,U,U,N,P,U,U,N,U,N,N,U,N,P,U,U,U,N,N,N,N,N,N,N,N,N,N,N,N,N,N,O,O,S,O,O,O,O,N,O,O,S,O,P,P,P,P,P,P,P,P,P,P,P,P,U,P,P,P,P,U,P,P,U,U,P,P,U,U,P,P,U,P,U,U,U,P,U,U,U,U,U,U,U,U,U,P,U,U,U,U
34,IN1022,12/05/2016,11/04/2015,M,"01,04,00",N,N,U,P,N,U,P,N,N,U,N,N,U,N,N,N,U,N,N,U,N,U,N,U,N,N,N,N,N,N,N,N,N,N,N,N,N,N,N,N,U,N,U,U,U,N,N,N,U,N,U,U,U,U,U,N,N,U,N,U,N,N,N,U,N,U,N,U,U,N,N,N,U,N,U,N,N,N,U,U,N,N,N,N,N,U,U,N,U,N,N,N,N,U,N,N,U,N,P,U,N,N,N,N,U,N,N,N,N,N,N,U,N,N,U,N,U,U,N,N,U,N,U,N,N,N,N,N,N,N,U,N,U,N,U,N,N,N,N,N,U,N,N,U,N,U,N,N,N,N,N,N,N,N,N,N,N,N,N,N,N,N,N,N,U,P,N,N,N,P,N,N,N,N,U,U,N,U,U,N,U,U,P,U,U,U,U,N,U,U,U,U,U,U,U,U,U,N,U,U,N,U,U,N,U,U,U,N,N,U,N,N,N,U,U,U,N,U,N,U,U,N,N,U,N,N,U,U,U,U,N,U,U,U,U,N,U,U,U,N,U,U,N,N,U,N,U,U,U,U,N,U,N,N,N,N,N,U,N,N,U,N,N,U,U,N,U,N,N,U,U,N,N,U,N,U,N,U,N,N,N,N,U,N,O,O,O,S,S,O,S,N,O,N,N,N,P,P,P,U,U,P,P,P,P,P,P,P,U,P,U,U,P,P,U,P,U,P,P,P,P,U,P,P,U,P,P,U,P,P,U,U,U,U,U,U,P,U,U,P,U,U,U,U
35,IN1023,02/14/2017,09/19/2015,F,"01,04,00",N,P,P,P,U,P,U,U,P,P,U,U,P,U,U,N,U,N,U,U,N,P,U,U,N,P,U,N,U,N,N,N,U,N,U,N,U,N,U,U,N,U,N,U,U,U,N,N,U,N,P,U,U,U,U,N,U,U,N,U,U,N,U,U,U,U,U,U,U,U,N,N,N,N,N,N,N,N,U,U,N,N,N,N,U,N,P,N,P,N,N,N,N,U,N,N,P,N,P,U,N,U,N,P,P,N,N,N,P,N,N,N,U,N,N,U,U,N,N,N,U,U,U,U,U,N,N,N,U,U,U,U,U,N,U,U,U,N,P,N,N,N,N,U,N,N,N,U,N,N,N,N,N,N,N,N,N,N,N,U,N,N,N,N,P,P,N,U,N,P,N,N,N,N,N,N,N,U,U,U,U,U,U,U,U,U,U,U,U,U,P,P,U,U,U,U,N,N,N,N,U,U,U,N,N,N,N,N,N,U,N,N,N,U,N,N,N,U,N,N,U,N,U,N,N,N,U,U,U,U,U,N,U,U,U,U,U,U,U,U,U,U,U,U,U,N,U,U,U,N,N,U,U,N,U,N,N,N,N,U,N,N,N,U,P,U,U,U,N,U,U,P,N,N,N,N,N,N,N,N,N,N,N,N,O,O,O,S,O,O,N,S,O,N,N,N,P,P,P,P,U,P,P,U,P,U,P,P,P,P,P,P,U,U,P,P,U,U,U,P,U,U,U,P,U,U,U,U,P,P,P,U,U,U,U,U,U,U,U,U,U,U,U,U
36,IN1024,11/27/2016,10/06/2015,,"01,01,21",N,N,N,U,N,U,N,N,U,N,U,N,N,N,N,N,N,N,U,N,N,U,N,U,N,N,N,N,U,N,N,N,U,N,N,N,U,N,U,N,N,N,N,U,N,N,N,N,N,N,N,U,U,U,N,N,N,N,N,N,N,N,N,U,N,N,N,U,N,N,N,N,N,N,N,N,N,N,U,U,N,N,N,N,U,N,U,N,N,N,N,N,N,N,N,N,P,N,U,U,N,N,U,U,U,N,N,N,N,N,N,U,N,N,U,N,N,N,N,N,N,N,N,N,U,N,N,N,N,N,N,N,N,N,N,N,N,N,N,N,N,N,N,U,N,U,N,N,N,N,N,N,N,N,N,N,N,N,N,N,U,N,N,N,U,P,N,N,N,P,N,N,N,N,U,U,N,U,U,N,U,U,N,U,U,U,U,N,N,N,N,U,U,N,U,N,N,N,N,N,N,U,N,N,N,N,N,N,N,N,N,N,N,N,N,N,N,N,N,N,N,N,N,N,N,N,N,N,N,N,N,N,N,N,N,N,U,N,N,N,U,N,N,N,U,N,N,N,U,N,N,N,N,N,N,N,N,U,N,N,N,N,N,N,N,N,N,N,N,N,N,N,N,N,N,N,N,N,N,N,N,N,N,N,S,O,O,S,O,S,N,N,O,N,N,N,P,U,P,U,U,P,P,P,P,U,U,U,U,U,U,U,U,U,U,U,U,U,U,P,P,U,U,P,U,U,U,U,U,U,U,U,U,U,U,U,U,U,U,U,U,U,U,U
37,IN2001,01/01/2017,02/11/2016,F,"00,09,00",N,N,N,N,N,N,N,N,N,N,N,N,N,N,N,N,N,N,N,N,N,N,N,N,N,N,N,N,N,N,N,N,N,N,N,N,N,N,N,N,N,N,N,N,N,N,N,N,N,N,N,N,N,N,N,N,N,N,N,N,N,N,N,N,N,N,N,N,N,N,N,N,N,N,N,N,N,N,N,N,N,N,N,N,N,N,N,N,N,N,N,N,N,N,N,N,N,N,N,N,N,N,N,N,N,N,N,N,N,N,N,N,N,N,N,N,N,N,N,N,N,N,N,N,N,N,N,N,N,N,N,N,N,N,N,N,N,N,N,N,N,N,N,N,N,N,N,N,N,N,N,N,N,N,N,N,N,N,N,N,N,N,N,N,N,U,N,N,N,U,N,N,N,N,N,N,N,N,U,N,N,U,N,N,N,N,N,N,N,N,N,U,N,N,N,N,N,N,N,N,N,N,N,N,N,N,N,N,N,N,N,N,N,N,N,N,N,N,N,N,N,N,N,N,N,N,N,N,N,N,N,N,N,N,N,N,N,N,N,N,N,N,N,N,N,N,N,N,N,N,N,N,N,N,N,N,N,N,N,N,N,N,N,N,N,N,N,N,N,N,N,N,N,N,N,N,N,N,N,N,N,N,N,N,O,O,O,S,O,N,N,N,S,N,N,N,P,U,U,U,U,U,P,P,U,P,U,U,U,U,U,U,U,U,U,U,U,U,U,U,U,U,U,P,U,U,U,U,U,U,U,U,U,U,U,U,U,U,U,U,U,U,U,U
38,IN2002,12/27/2016,10/05/2015,M,"01,02,22",N,N,U,N,N,N,N,N,N,N,N,N,N,N,N,N,N,N,U,N,N,N,N,N,N,N,N,N,N,N,N,N,N,N,N,N,N,N,N,N,N,N,N,N,U,N,N,N,N,N,N,N,N,N,N,N,N,N,N,N,N,N,N,N,N,U,N,U,U,N,N,N,U,N,N,N,N,N,N,U,N,U,N,U,N,N,P,N,U,U,N,N,N,U,N,N,P,N,U,U,N,N,U,U,U,N,N,N,N,N,N,U,N,N,U,N,U,N,N,N,U,U,U,N,N,N,N,N,U,N,U,N,U,N,N,N,N,U,N,N,U,N,N,U,N,U,N,N,N,N,N,N,N,N,N,N,N,N,N,N,N,N,N,N,N,P,N,N,N,P,N,N,N,N,U,N,U,U,U,U,U,U,P,U,N,U,U,N,U,U,U,U,U,U,U,U,P,N,N,N,P,N,N,N,N,N,U,N,N,U,N,N,N,N,N,U,N,U,U,U,U,U,N,U,N,N,N,U,U,U,N,N,U,N,N,N,U,U,U,N,U,U,N,N,U,N,U,U,U,U,N,N,N,N,U,N,U,U,N,N,U,N,N,U,U,N,U,U,N,N,N,N,U,N,N,U,N,N,N,N,N,N,P,N,O,O,O,S,O,O,N,N,O,N,S,S,P,P,P,P,U,P,P,P,P,P,P,P,U,P,P,P,U,P,P,P,U,U,U,P,P,U,P,P,U,P,P,U,P,U,U,U,U,P,P,U,P,U,U,P,U,U,U,U
39,IN2003,01/24/2017,12/15/2015,F,"01,01,00",N,N,N,N,N,N,N,N,N,N,N,N,N,N,N,N,N,N,N,N,N,N,N,N,N,N,N,N,N,N,N,N,N,N,N,N,N,N,N,N,N,N,N,N,N,N,N,N,N,N,N,N,N,U,N,N,N,N,N,N,N,N,U,U,N,U,U,U,U,U,N,N,U,N,N,N,N,N,U,U,N,N,N,N,N,N,U,N,N,N,N,N,N,N,N,N,U,N,U,N,N,U,N,N,N,N,N,N,N,N,N,N,N,N,N,N,N,N,N,N,N,N,N,N,N,N,N,N,U,N,N,N,N,N,U,U,U,U,U,N,N,N,N,U,N,U,N,U,N,N,N,N,N,N,N,N,N,N,N,N,U,N,U,N,U,U,N,N,N,U,U,N,U,N,U,U,N,U,U,U,U,U,N,U,U,U,U,U,N,N,U,U,U,U,U,U,N,N,N,N,N,N,N,N,N,N,N,N,N,U,N,N,N,N,U,N,U,N,N,N,N,N,U,N,N,N,U,U,N,N,N,N,U,N,U,N,U,N,U,U,N,U,U,U,U,N,U,U,U,U,U,U,N,N,U,N,N,N,N,N,N,N,N,N,U,N,N,U,N,N,N,N,N,N,N,N,N,N,N,N,N,N,N,N,S,S,S,S,S,S,S,N,S,N,N,N,P,P,P,P,U,P,P,P,P,P,P,P,U,P,U,U,U,U,U,P,U,U,U,P,P,U,U,P,U,U,U,U,P,U,U,U,U,U,U,U,U,U,U,P,U,U,U,U
40,IN2004,02/23/2017,03/05/2016,,"00,11,00",N,U,N,N,N,N,U,U,N,U,N,N,N,U,U,N,N,N,N,U,N,N,N,N,N,N,N,N,N,N,N,N,N,N,N,N,N,N,N,N,N,N,N,N,U,N,N,N,N,N,N,N,N,N,N,N,N,U,N,U,N,N,N,N,N,N,N,N,U,U,N,N,U,N,N,N,N,N,N,N,N,N,N,N,N,N,U,N,N,N,N,N,N,N,N,N,U,N,U,U,N,N,N,U,U,N,N,N,N,N,N,U,N,N,N,N,N,N,N,N,N,N,N,N,N,U,N,N,N,N,N,N,N,N,N,N,U,N,N,N,U,N,N,N,N,U,N,N,N,N,N,N,N,N,N,N,N,N,N,N,N,N,N,N,N,U,N,N,N,U,N,N,N,N,U,U,U,U,U,U,U,U,N,U,N,U,N,N,N,U,U,U,N,N,U,U,N,N,N,N,N,U,U,N,U,N,U,N,N,N,N,N,N,N,N,N,N,N,N,N,N,N,N,N,N,N,U,N,N,N,N,N,N,N,N,N,N,N,N,N,N,N,N,N,N,N,N,U,N,U,N,N,N,N,N,N,N,U,N,N,N,N,N,N,U,N,N,N,N,N,N,N,N,N,N,N,N,N,N,N,N,N,N,N,O,O,S,O,O,S,S,N,S,N,S,N,P,P,P,P,P,P,P,P,U,P,U,P,U,U,U,U,U,U,U,P,U,U,P,P,U,U,P,P,U,U,P,U,P,P,U,U,U,U,U,U,U,U,U,U,U,U,U,U
